1,しょうが焼き,20,https://img.cpcdn.com/recipes/6434758/840x1461s/3ef02e6a7d88d64f7fe4cafdad171019?u=1427770&p=1599361373,6434758
2,お好み焼き,20,https://img.cpcdn.com/recipes/6399515/840x1461s/9febd30ae444f7473264d43c1d2d45de?u=40723211&p=1597322739,6399515
3,なすそうめん,15,https://img.cpcdn.com/recipes/6293860/840x1461s/0530c7649a79341ad9f94092415509ec?u=877172&p=1591952128,6293860
4,豚肉とズッキーニのピリ辛炒め,15,https://img.cpcdn.com/recipes/5646070/840x1461s/4b5ba1f089d93ba44ba42639810ca626?u=877172&p=1557732987,5646070
5,たことキムチのごま油和え,10,https://img.cpcdn.com/recipes/5646076/840x1461s/1df01bd52dcb903a089e2d24a5942186?u=877172&p=1557733018,5646076
6,トマトとキュウリのナムル,10,https://img.cpcdn.com/recipes/5084026/840x1461s/813464b2f329f5669434f6c1ecf6b0d4?u=8210643&p=1526815550,5084026
7,塩昆布きゅうり,5,https://img.cpcdn.com/recipes/5084505/840x1461s/1392225bc120509cc99c25790019c74e?u=8736590&p=1526854462,5084505
8,アボガドのナムル,5,https://img.cpcdn.com/recipes/5768775/840x1461s/f5813349433ad6a9206842a18a489b83?u=877172&p=1564737662,5768775
9,鶏と大根のオイスターみそ煮込み,20,https://img.cpcdn.com/recipes/5822956/840x1461s/28a02aef3140bec7fef9f29e176a85c8?u=877172&p=1568256108,5822956
10,豚ときのこのオイスター炒め,15,https://img.cpcdn.com/recipes/5861717/840x1461s/4533a0778a64ebed885321d8887fb44a?u=877172&p=1570694371,5861717
11,ベーコンときのこの洋風炊き込みご飯,40,https://img.cpcdn.com/recipes/4120358/840x1461s/6ea5461de89a93c8f1d73d7839a3de63?u=4454952&p=1476337603,4120358
12,舞茸とトマトの炊き込みご飯,40,https://img.cpcdn.com/recipes/6431695/840x1461s/13023fb0626588c2e8844cda18706329?u=24335063&p=1599179340,6431695
13,ゴーヤーとくずし豆腐のサラダ,10,https://img.cpcdn.com/recipes/6395981/840x1461s/e3cb64955e90b9a15c7a4019febb7714?u=5954196&p=1597134133,6395981
14,豚肉ともやしとにらの深煎りごま炒め,15,https://img.cpcdn.com/recipes/6287612/840x1461s/f440d859c5be5903962d65ae075ec10e?u=5954196&p=1591692126,6287612
15,深煎りごまと豆腐の卵かけごはん,5,https://img.cpcdn.com/recipes/6287622/840x1461s/e23b9e72894b16bc974d3dda121f1868?u=5954196&p=1591691969,6287622
16,シーフードミックスのアヒージョ,10,https://img.cpcdn.com/recipes/6358288/840x1461s/68606d1db8de2f43d9e34e75ceecaac3?u=39317907&p=1595041858,6358288
17,豚こま団子のとろみ炒め,20,https://img.cpcdn.com/recipes/4935387/840x1461s/828644e369681708d8008bb866301e6b?u=13476589&p=1518492942,4935387
18,オクラのナムル,5,https://img.cpcdn.com/recipes/6420929/840x1461s/855348a3df39e92b43e84e326d2ccfca?u=1524383&p=1598983018,6420929
19,肉野菜炒め,10,https://img.cpcdn.com/recipes/6356942/840x1461s/81c94699d2a5d4a0144101d36daefd4c?u=30249435&p=1596591682,6356942
20,卵焼き,5,https://img.cpcdn.com/recipes/6438918/840x1461s/c5fbdc38e88a328346f3c82844c2e2f0?u=39184026&p=1599644418,6438918
21,たたきまぐろのわさぽんガーリック,10,https://img.cpcdn.com/recipes/6361856/840x1461s/ae132c76c1137da8b3945648e9c4aa46?u=14104655&p=1595742153,6361856
22,サンラーかぼちゃ,15,https://img.cpcdn.com/recipes/6361848/840x1461s/93509a914aa8bb02e738c39a6b3472e2?u=14104655&p=1595742117,6361848
23,レンジdeかんたん蒸しなす,5,https://img.cpcdn.com/recipes/3935394/840x1461s/d7d135e642fafbed7f27ee7a77434854?u=14104655&p=1466576435,3935394
24,豆苗とツナと人参のナムル風,5,https://img.cpcdn.com/recipes/5252014/840x1461s/2c5e6cd3559b15f8707aa05a45ad6425?u=351604&p=1537002593,5252014
25,トマトとチーズのコロコロサラダ,5,https://img.cpcdn.com/recipes/6395964/840x1461s/c3865a4bd67b5a2623db5b8ea75ea3ed?u=5954196&p=1597134081,6395964
26,かんたん深煎りごまバンバンジー,5,https://img.cpcdn.com/recipes/6287598/840x1461s/01a37aa2caeec1c017973dc31d7678f5?u=5954196&p=1591692204,6287598
27,きゅうりともやしの深煎りごまよだれ鶏,10,https://img.cpcdn.com/recipes/6291121/840x1461s/72faef0ba0e2a8bac4b57564140f015d?u=5954196&p=1591845788,6291121
28,ツナとオクラの深煎りごまサラダうどん,10,https://img.cpcdn.com/recipes/6287302/840x1461s/4655b1bcaf6977583ab5290b5a3194fb?u=5954196&p=1591693311,6287302
29,豚肉の柚子胡椒みそ焼き,15,https://img.cpcdn.com/recipes/6039506/840x1461s/e13583aa19b97b99d0f497de2c5295c9?u=4454952&p=1581913046,6039506
30,豚肉とナス、ピーマンのしょうがみそ炒め,15,https://img.cpcdn.com/recipes/4556927/840x1461s/c0f631fbf3474988c0f980aef1ecd662?u=4454952&p=1496395721,4556927
